titolo;autore;anno;album;durata
Schmock;Die Fantastischen Vier;1999;0,235416667;256
Shankara;NOBZ, Drous;2019;Shankara;237
Calmo;Shiva, thasup;2020;Calmo;151
6:00 AM;J Balvin, Farruko;2013;6:00 AM;244
0ffline (feat. bbno$);thasup, bbno$;2020;23 6451;201
10 RAGAZZE (con ERNIA);Rkomi, Ernia, MACE;2021;TAXI DRIVER;175
100 Degrees (with Séb Mont);Dubdogz, Bhaskar, Calmani & Grey, Séb Mont;2021;100 Degrees (with Séb Mont);146
100K;Massimo Pericolo, Crookers, Goedi;2021;SOLO TUTTO;211
1969 (feat. Boss Doms & Frenetik&Orang3);Achille Lauro, Boss Doms, Frenetik&Orang3;2019;1969;210
1969 (feat. Boss Doms, Frenetik&Orang3);Achille Lauro, Boss Doms, Frenetik&Orang3;2020;1969 - Achille Idol Rebirth;210
2 Phút Hơn - KAIZ Remix;Pháo, KAIZ;2020;2 Phút Hơn (KAIZ Remix);184
5 Gocce (feat. Rkomi);Irama, Rkomi;2022;Il giorno in cui ho smesso di pensare;160
64 BARRE DI PAURA;Marracash, Marz;2021;Red Bull 64 Bars, The Album;132
6itch remix - feat. Nitro;thasup, Nitro;2020;23 6451;151
7 miliardi;Massimo Pericolo, Crookers, Nic Sarno;2019;Scialla Semper;167
8rosk1 - feat. Mahmood;thasup, Mahmood;2020;23 6451;172
A Solas - Remix;Lunay, Lyanno, Anuel AA, Brytiago, Alex Rose;2018;A Solas Remix;273
∞ LOVE (feat. Guè);Marracash, Guè;2021;NOI, LORO, GLI ALTRI;218
Acid Bomb;Dr. Peacock, Dope D.O.D.;2018;Acid Bomb;214
ACQUA ཆུ (con RKOMI & MADAME);MACE, Rkomi, Madame;2021;OBE;189
Acqua su marte;Tormento, J-AX;2019;Acqua su marte;189
Acquagym (feat. Rkomi);Ackeejuice Rockers, Rkomi;2019;Acquagym (feat. Rkomi);148
Adictiva;Daddy Yankee, Anuel AA;2018;Adictiva;208
Aglio e olio;Fulminacci, Willie Peyote;2022;Tante care cose e altri successi;226
Ain't Nobody (Loves Me Better);Felix Jaehn, Jasmine Thompson;2015;Ain't Nobody (Loves Me Better);186
AIRFORCE (feat. Madame);Massimo Pericolo, Crookers, Madame;2021;SOLO TUTTO;220
Alcool & Acqua;Bresh, PSICOLOGI, SHUNE;2022;ORO BLU;171
Alive (feat. ILY);Jack Wins, ILY;2018;Alive (feat. ILY);177
All Around The World (La La La);R3HAB, A Touch Of Class;2019;All Around The World (La La La);148
All Dead, All Dead;Queen;1977;News Of The World;190
All Falls Down (feat. Juliander);Alan Walker, Noah Cyrus, Digital Farm Animals, Juliander;2017;All Falls Down (feat. Juliander);199
All I Ask of You (feat. Pennybirdrabbit);Skrillex, pennybirdrabbit;2010;Scary Monsters and Nice Sprites (Deluxe Tour Edition);340
All I Need;Slushii, Aviella;2020;All I Need;226
All of Me - Tiësto's Birthday Treatment Remix - Radio Edit;John Legend, Jason Agel, Tiësto;2014;All of Me (Tiësto's Birthday Treatment Remix - Radio Edit);252
All The Lies;Alok, Felix Jaehn, The Vamps;2019;All The Lies;179
Allahu Akbar (Radio Edit);DJ Inappropriate, INAP;2015;Allahu Akbar;137
Alone (feat. Anjulie & Jeffrey Jey);Marnik, KSHMR, Anjulie, Jeffrey Jey;2019;Alone (feat. Anjulie & Jeffrey Jey);152
Alors On Danse - DubDogz Remix;Stromae, Dubdogz;2019;Alors On Danse (DubDogz Remix);169
ALYX (feat. Capo Plaza);Lazza, Capo Plaza;2020;J;183
Amici;Massimo Pericolo, Crookers, Nic Sarno;2019;Scialla Semper;181
Amore e Capoeira;Takagi & Ketra, Giusy Ferreri, Sean Kingston;2018;Amore e Capoeira;172
Animals - Oliver Heldens Remix;Martin Garrix, Oliver Heldens;2013;Animals;263
Animals - Victor Niglio & Martin Garrix Festival Trap Mix;Martin Garrix, Victor Niglio;2013;Animals;198
Another You;Armin van Buuren, Mr. Probz;2015;Embrace;192
APPARTENGO - Il sangue (feat. Massimo Pericolo);Marracash, Massimo Pericolo;2020;Persona;255
Arms Around You (feat. Maluma & Swae Lee);XXXTENTACION, Lil Pump, Swae Lee, Maluma;2018;Arms Around You (feat. Maluma & Swae Lee);199
Artillery - PSY Mix;Skazi, JETFIRE;2019;Artillery (PSY Mix);226
Auto Blu;Shiva, Eiffel 65;2020;Auto Blu;166
Awaken;League of Legends, Valerie Broussard, Ray Chen;2019;Awaken;198
Back & Forth;MK, Jonas Blue, Becky Hill;2018;Back & Forth;196
Back 2 U (feat. WALK THE MOON) - DBSTF Remix;Steve Aoki, Boehm, WALK THE MOON, Dbstf;2016;Back 2 U (feat. WALK THE MOON) [Remixes];315
Bad (feat. Vassy) - Radio Edit;David Guetta, Showtek, VASSY;2014;Bad (feat. Vassy) [Radio Edit];171
bad guy;Billie Eilish;2019;WHEN WE ALL FALL ASLEEP, WHERE DO WE GO?;194
Baila Conmigo (feat. Kelly Ruiz);Dayvi, Victor Cardenas, Kelly Ruíz;2018;Baila Conmigo (feat. Kelly Ruiz);190
Bailar (feat. Elvis Crespo) - Radio Edit;Deorro, Elvis Crespo;2017;Good Evening;138
Balaclava (feat. Capo Plaza);Tony Effe, Capo Plaza;2021;Untouchable;188
Ballin' (with Roddy Ricch);Mustard, Roddy Ricch;2019;Perfect Ten;180
Bam Bam Twist (feat. Gow Tribe, Frenetik&Orang3);Achille Lauro, Gow Tribe, Frenetik&Orang3;2020;1969 - Achille Idol Rebirth;175
Bangarang (feat. Sirah);Skrillex, Sirah;2011;Bangarang EP;215
BARRACA (feat. MC Pikachu);Garmiani, Mc Pikachu;2019;BARRACA (feat. MC Pikachu);150
Bass (Hold On);Dubdogz, Clubbers;2018;Bass (Hold On);205
Battleborn;Ran-D, Frequencerz, Adaro;2019;Battleborn;261
Bazaar (Official Sunburn Goa 2015 Anthem);KSHMR, Marnik;2015;Bazaar (Official Sunburn Goa 2015 Anthem);173
Be Alright;Stonebank, EMEL;2016;Be Alright;299
Be Somebody (feat. Kiiara);Steve Aoki, Nicky Romero, Kiiara;2018;Neon Future III;198
Beautiful;Akon, Colby O'Donis, Kardinal Offishall;2008;Freedom (Int'l Version);313
Beautiful (feat. Camila Cabello);Bazzi, Camila Cabello;2018;Beautiful (feat. Camila Cabello);180
Beautiful Now;Zedd, Jon Bellion;2015;True Colors;218
BED;Joel Corry, RAYE, David Guetta;2021;BED;178
BERETTA;Massimo Pericolo, Crookers;2021;SOLO TUTTO;162
Better When You're Gone;David Guetta, Brooks, Loote;2019;Better When You're Gone;192
Bigroom Never Dies - Mix Cut;Hardwell, Blasterjaxx, Mitch Crown;2018;Hardwell presents Revealed Vol. 9;170
Billets (feat. Ninho);Capo Plaza, Ninho;2018;20 (Deluxe Edition);199
BIMBI PER STRADA (CHILDREN);Fedez, Robert Miles;2020;BIMBI PER STRADA (CHILDREN);201
Bitch Please;Snoop Dogg, Xzibit;2005;The Best Of Snoop Dogg;235
Black Out Days - Future Islands Remix;Phantogram, Future Islands;2017;Black Out Days (Future Islands Remix);248
Blame (feat. John Newman);Calvin Harris, John Newman;2014;Motion;213
Blueface (feat. Izi, Tedua);Disme, Vaz Tè, Izi, Tedua;2021;Glory Days EP;223
Body;Loud Luxury, Brando;2017;Body;163
Body - Joel Corry Remix;Megan Thee Stallion, Joel Corry;2021;Body (Joel Corry Remix);203
Body (Remix) [feat. Capo Plaza & Rondodasosa];Tion Wayne, Russ Millions, Capo Plaza, Rondodasosa;2021;Body (Remix) [feat. Capo Plaza & Rondodasosa];205
Body Talk (feat. Julian Perretta) - Radio Edit;Dimitri Vegas & Like Mike, MOGUAI;2014;Body Talk (feat. Julian Perretta);207
Body Talk (Mammoth);Dimitri Vegas\, Moguai & Like Mike, Julian Perretta;2015;Body Talk (Mammoth);208
Bonbon - Marshmello Remix;Era Istrefi, Marshmello;2016;Bonbon EP;184
Boneless;Steve Aoki, Chris Lake, Tujamo;2013;Boneless (Remixes);270
Boneless - Keys N Krates Remix;Steve Aoki, Chris Lake, Tujamo;2013;Boneless (Remixes);176
Boogieman (feat. Salmo);Ghali, Salmo;2020;DNA;160
Booty Bounce;Tujamo, Taio Cruz;2015;Booty Bounce;195
Booyah - Breathe Carolina Remix;Showtek, We Are Loud, Sonny Wilson, Breathe Carolina;2018;Booyah (2018 Remixes);229
Born To Be Yours;Kygo, Imagine Dragons;2018;Born To Be Yours;193
Born to Get Wild (feat. will.i.am);Steve Aoki, will.i.am;2014;Neon Future I;285
Borsello (feat. Sfera Ebbasta & DrefGold);Guè, Sfera Ebbasta, DrefGold;2018;Sinatra;203
Boss;DrefGold, Daves The Kid;2018;Boss;211
Boy Oh Boy;Diplo, Good Times Ahead;2014;Random White Dude Be Everywhere;174
Break Free;Ariana Grande, Zedd;2014;Break Free;215
Break The House - Original Mix;Borgeous, Tony Junior;2014;Break The House;294
Break the Rules - Tiësto Remix;Charli XCX, Tiësto;2014;Break the Rules (Remixes);265
Break Through The Silence - Radio Edit;Martin Garrix, Matisse & Sadko;2015;Break Through The Silence EP;205
Brighton Rock - Live At The Hammersmith Odeon, London / 1975;Queen;2015;A Night At The Odeon;144
Bring It Back (feat. Max Styler);Deorro, MAKJ, Max Styler;2018;Bring It Back (feat. Max Styler);165
Brividi;Mahmood, BLANCO;2022;Brividi;199
Bruises (feat. LONO);Henri PFR, Madism, LONO;2021;Bruises (feat. LONO);197
BUGIE (feat. Rkomi & Carl Brave);Madame, Rkomi, Carl Brave;2021;MADAME;172
Burn It All Down;League of Legends, PVRIS;2021;Burn It All Down;202
Burn Out (feat. Dewain Whitmore);Martin Garrix, Justin Mylo, Dewain Whitmore;2018;Burn Out (feat. Dewain Whitmore);200
Burnin;Calvin Harris, R3HAB;2014;Motion;235
CABRIOLET (feat. Sfera Ebbasta);Salmo, Sfera Ebbasta;2018;Playlist;186
Cacao (feat. Pyrex);Ghali, Pyrex;2020;DNA;114
Calipso (with Dardust) (feat. Sfera Ebbasta, Mahmood & Fabri Fibra);Charlie Charles, Sfera Ebbasta, Mahmood, Fabri Fibra;2019;Calipso (with Dardust) (feat. Sfera Ebbasta, Mahmood & Fabri Fibra);191
Call Me A Spaceman - Radio Edit;Hardwell, Mitch Crown;2012;Call Me A Spaceman;189
Call On Me - Ryan Riback Extended Remix;Starley, Ryan Riback;2016;Call On Me (Remixes);222
Call on Me - Ryan Riback Remix;Starley, Ryan Riback;2016;Call On Me (Remixes);222
Callaita;Bad Bunny, Tainy;2019;Callaita;251
Calling (Lose My Mind) - Radio Edit;Sebastian Ingrosso, Alesso, Ryan Tedder;2012;Calling (Lose My Mind);205
Calma - Remix;Pedro Capó, Farruko;2018;Calma (Remix);238
Camelot;Leon Faun, Duffy;2021;C'era una volta;129
Can You Feel It;Tiësto, John Christian;2019;Can You Feel It;199
Candy Perreo;DJ Kelvin El Sacamostro, Dj Peligro;2015;Greatest Hits;273
CANDYMAN ༄ (con GEMITAIZ);MACE, Gemitaiz;2021;OBE;225
Can't Fight It;Quintino, Cheat Codes;2016;Can't Fight It;184
Can't Forget You (ft. The Nicholas);San Holo, The Nicholas;2015;Can't Forget You;216
Can't Hold Us (feat. Ray Dalton);Macklemore & Ryan Lewis, Macklemore, Ryan Lewis, Ray Dalton;2012;The Heist;258
Can't Remember to Forget You;Shakira, Rihanna;2014;Can't Remember to Forget You;207
Carry Me Home (feat. Jake Reese);KSHMR, Jake Reese;2018;Carry Me Home (feat. Jake Reese);191
Carry You Home;Tiësto, Stargate, Aloe Blacc;2017;Carry You Home;193
CASA NUOVA (feat. Venerus);Massimo Pericolo, Crookers, Venerus, Nic Sarno;2021;SOLO TUTTO;184
CAZZO CULO (feat. Salmo);Massimo Pericolo, Crookers, Salmo, Nic Sarno;2021;SOLO TUTTO;234
Cereza;Fuego, Duki;2019;Cereza;164
Chance (feat. Capo Plaza);Shiva, Capo Plaza;2020;Routine EP;182
Change My Heart;Ummet Ozcan, Laurell;2018;Change My Heart;187
CHARLES MANSON (BUON NATALE2) (feat. Lazza);Salmo, Dani Faiv, Nitro, Lazza;2019;Playlist Live;258
Chasing Colors (feat. Noah Cyrus);Marshmello, Ookay, Noah Cyrus;2017;Chasing Colors (feat. Noah Cyrus);195
Chasing Summers - R3hab & Quintino Remix;Tiësto;2013;Miami 2013 (Mixed by MYNC, R3hab and Nari & Milani);281
Cheerleader (feat. Kid Ink) - Felix Jaehn vs Salaam Remi Remix;OMI, Kid Ink;2015;Cheerleader (feat. Kid Ink) [Felix Jaehn vs Salaam Remi Remix];182
Cheerleader (Felix Jaehn Remix) - Radio Edit;OMI, Felix Jaehn;2014;Cheerleader (Felix Jaehn Remix Radio Edit);180
Chemicals;Tiësto, Don Diablo, Thomas Troelsen;2015;Chemicals;222
Chemicals (feat. Thomas Troelsen);Tiësto, Don Diablo, Thomas Troelsen;2015;Chemicals (feat. Thomas Troelsen);222
Chiagne Ancora (feat. LIBERATO, J Lord);Ghali, LIBERATO, J Lord;2021;Chiagne Ancora (feat. LIBERATO, J Lord);218
Chicles, Cigarrillos, Caramelos;Miki González;2018;Rock Peruano;232
Chico (feat. Rose Villain & Luchè);Guè, Rose Villain, Luchè;2020;Mr. Fini;202
China;Anuel AA, Daddy Yankee, KAROL G, J Balvin, Ozuna;2019;China;302
Cinema;Samuel, Francesca Michielin;2021;Cinema;169
Clarity;Zedd, Foxes;2012;Clarity;271
Close To Your Love;AtellaGali, Amanda Renee;2014;Close To Your Love;208
Closer;The Chainsmokers, Halsey;2016;Closer;245
Cold Heart - PNAU Remix;Elton John, Dua Lipa, PNAU;2021;The Lockdown Sessions;203
Cold Water (feat. Justin Bieber & MØ);Major Lazer, Justin Bieber, MØ;2016;Cold Water (feat. Justin Bieber & MØ);185
Colpevole RMX (feat. Geolier);Tony Effe, Geolier;2021;Untouchable;158
Coltellata (feat. thasup);Gazzelle, thasup;2021;OK;165
Como Yo Le Doy (feat. Don Miguelo) - Spanglish Version;Pitbull, Don Miguelo;2015;Dale;263
Complicated (feat. Kiiara);Dimitri Vegas & Like Mike, David Guetta, Dimitri Vegas, Kiiara;2017;Complicated (feat. Kiiara);184
Complicati;Poli Ok, Uzi Lvke, Xela Baby;2020;Complicati;197
Con Calma;Daddy Yankee, Snow;2019;Con Calma;193
Congratulations, I Hate You;Alesana;2005;Try This With Your Eyes Closed;237
Continuous Mix - Ibiza Calling, Vol. 1;Artisti Vari;2014;Ibiza Calling;3661
Continuous Mix - Ibiza Calling, Vol. 2;Artisti Vari;2014;Ibiza Calling;3467
Cool;Alesso, Roy English;2015;Cool;222
Corso Europa;Rhove, Madfingerz;2021;Corso Europa;133
Cracked Wall;Florian Picasso, VASSY;2016;Cracked Wall;188
Cracovia, Pt. 3;Il Tre;2021;ALI;175
Crazy;TRFN, Siadou;2018;Crazy;174
CRAZY LOVE;Marracash;2021;NOI, LORO, GLI ALTRI;193
Cream - Radio Edit;Tujamo, Danny Avila;2015;Cream;152
Crudo;Emis Killa, Jake La Furia;2021;17 - Dark Edition;168
Cucumba;Oliver Heldens, MOGUAI;2019;Cucumba;202
Dad Battle;Kawai Sprite;2020;Friday Night Funkin', Vol. 1 (Original Game Soundtrack);87
Dímelo, Dímelo;Miki González;2018;Rock Peruano;203
Dance, Dance;Fall Out Boy;2009;Believers Never Die - Greatest Hits;181
Dancin (feat. Luvli) - Krono Remix;Aaron Smith, Krono, Luvli;2014;Dancin (feat. Luvli) [Krono Remix];198
Dancing With A Stranger (with Normani);Sam Smith, Normani;2019;Dancing With A Stranger (with Normani);171
Dangerous (feat. Sam Martin);David Guetta, Sam Martin;2014;Listen;204
Dare Me;NERVO, Plastik Funk, Tim Morrison;2020;Dare Me;183
Darkside;Alan Walker, Au/Ra, Tomine Harket;2018;Darkside;212
Davide (feat. Coez);Gemitaiz, Coez;2018;Davide;206
Day 'N' Nite - Crookers Remix;Kid Cudi, Crookers;2009;Man On The Moon: The End Of Day (Int'l Version);282
DEBITI;Massimo Pericolo, Crookers;2021;SOLO TUTTO;144
Delay;Moby, Lucky Date;2014;Ibiza Calling;234
Delirious (Boneless) (feat. Kid Ink);Steve Aoki, Chris Lake, Tujamo, Kid Ink;2014;Delirious (Boneless) (feat. Kid Ink);223
Delirious (Boneless) (feat. Kid Ink) - Reid Stefan Remix;Steve Aoki, Chris Lake, Tujamo, Kid Ink;2014;Delirious (Boneless) (feat. Kid Ink) [Remixes];251
Demone;MamboLosco, Nardi, Finesse;2021;Demone;162
Derp;Bassjackers, MAKJ;2014;Derp;279
Dharma;Headhunterz, KSHMR;2016;Dharma;182
Di Notte (feat. Sfera Ebbasta & Carl Brave);Ernia, Sfera Ebbasta, Carl Brave;2021;Gemelli (ascendente Milano);224
Diamond Heart;Alan Walker, Sophia Somajo;2018;Diamond Heart;240
DIECIMILAVOCI (con ARIETE);Rkomi, ARIETE;2021;TAXI DRIVER;170
DIO PERDONAMI (64 Bars);BLANCO, Drast;2021;Red Bull 64 Bars, The Album;150
Dirty Sexy Money (feat. Charli XCX & French Montana);David Guetta, Afrojack, Charli XCX, French Montana;2017;Dirty Sexy Money (feat. Charli XCX & French Montana);173
DISPOVERY CHANNEL (feat. Nitro);Salmo, Nitro;2018;Playlist;204
Do It Again;Steve Aoki, Alok;2019;Do It Again;176
Do Or Die - Afrojack vs. THIRTY SECONDS TO MARS Remix;Afrojack, Thirty Seconds To Mars;2014;Forget The World (Deluxe);278
Dolceamaro;Malgioglio, Barbara d’Urso;2019;Dolceamaro;228
Don't Let Me Down;The Chainsmokers, Daya;2016;Don't Let Me Down;208
Don't Look Down (feat. Usher);Martin Garrix, Usher;2015;Don't Look Down (feat. Usher);223
Don't Worry (feat. Ray Dalton) - Matoma Remix;Madcon, Ray Dalton;2015;Don't Worry (feat. Ray Dalton) [Matoma Remix];197
Don't You Worry Child - Radio Edit;Swedish House Mafia, John Martin;2012;Don't You Worry Child;213
Downtown (feat. Melle Mel, Grandmaster Caz, Kool Moe Dee & Eric Nally);Macklemore & Ryan Lewis, Grandmaster Melle Mel, Eric Nally, Grandmaster Caz, Kool Moe Dee;2015;Downtown (feat. Melle Mel, Grandmaster Caz, Kool Moe Dee & Eric Nally);293
Dragon - Radio Edit;Martin Garrix, Matisse & Sadko;2015;Break Through The Silence EP;197
DREAM TEAM (feat. Pyrex, Capo Plaza, Tedua & Shiva);Sick Luke, Shiva, Capo Plaza, Tedua, Pyrex;2022;X2;159
Drip Too Hard (Lil Baby & Gunna);Lil Baby, Gunna;2018;Drip Harder;146
Drop It (feat. LUISAH);Dubdogz, Mariana BO, Flakkë, LUISAH;2021;Drop It (feat. LUISAH);126
DUBAI;Rondodasosa, Nko;2021;DUBAI;202
Dying for You (feat. Alex Aris) - Radio Edit;Otto Knows, Lindsey Stirling, Alex Aris;2016;Dying For You (feat. Alex Aris);199
Easy (feat. Fivio Foreign);Sfera Ebbasta, Rvssian, Fivio Foreign;2022;Italiano;206
Eat Sleep Rave Repeat - Calvin Harris Remix Edit;Fatboy Slim, Riva Starr, Beardyman;2013;Eat Sleep Rave Repeat (feat. Beardyman);168
EDM Bubble;Jay Hardway, Mike Cervello;2018;EDM Bubble;143
El Party;Jake La Furia, Alessio La Profunda Melodia;2017;El Party;211
Electricity (with Dua Lipa);Silk City, Dua Lipa, Diplo, Mark Ronson;2018;Electricity (with Dua Lipa);238
ELEGANTE (feat. Sfera Ebbasta);DrefGold, Sfera Ebbasta;2020;ELO;221
Elevate (feat. Denzel Curry, YBN Cordae, SwaVay, Trevor Rich);DJ Khalil, Denzel Curry, Cordae, Swavay, Trevor Rich;2018;Spider-Man: Into the Spider-Verse (Soundtrack From & Inspired by the Motion Picture);219
Ella Quiere Beber - Remix;Anuel AA, Romeo Santos;2018;Ella Quiere Beber (Remix);219
Elvis (feat. Guè Pequeno);Rose Villain, Guè, Sixpm;2021;Elvis (feat. Guè Pequeno);173
Empire State Of Mind;JAY-Z, Alicia Keys;2010;The Hits Collection Volume One (Deluxe);277
Enemy (with JID) - from the series Arcane League of Legends;Imagine Dragons, JID, Arcane, League of Legends;2021;Enemy (with JID) [from the series Arcane League of Legends];173
Epic - Garmiani Remix;Sandro Silva, Quintino, Garmiani;2018;Epic (Garmiani Remix);156
Epsilon;Unterberg, Flynthe;2019;The Goodie-Goodies Vol. 2;219
Error 404;Martin Garrix, Jay Hardway;2013;Error 404;334
Ethereal Sakura;Deko, Yameii Online;2020;Crystalline;241
Everyday;Logic, Marshmello;2018;Bobby Tarantino II;205
Everything;R3HAB, Skytech;2016;Everything;175
Everything Wonderful - Bonus;Black Eyed Peas, David Guetta;2010;The Beginning & The Best Of The E.N.D. (International Mega-Deluxe Version);243
Fa' o' Brav' (feat. Emis Killa, Yung Snapp, MV Killa, Lele Blade);Rocco Hunt, Emis Killa, Yung Snapp, MV Killa, Lele Blade;2021;Rivoluzione;227
FALENA (feat. Franco126, Coez & Ketama126);Sick Luke, Franco126, Coez, Ketama126;2022;X2;215
Falene (feat. Sophie and the Giants);Michele Bravi, Sophie and the Giants;2021;Falene (feat. Sophie and the Giants);188
Falling Down - Bonus Track;Lil Peep, XXXTENTACION;2018;Falling Down (Bonus Track);196
FANTASMI ( feat. Geolier & Marracash);TY1, Geolier, Marracash;2021;DJUNGLE;199
Far Away From Home (feat. Leony);Sam Feldt, VIZE, Leony;2020;Far Away From Home (feat. Leony);163
Fat Beat;Will Sparks, Danny Avila;2019;Fat Beat;158
Fat Lip;Sum 41;2001;All Killer, No Filler;178
Fatality - Quintino Edit;Pep & Rash, Quintino;2014;Fatality (Quintino Edit);250
Feel All My Lovin' (feat. bby ivy);LODATO, Devan, bby ivy;2021;Feel All My Lovin' (feat. bby ivy);156
Feel the Preasure (Let You Down) [Axwell & New_ID Remix];Mutiny UK, Steve Mac, Nate James;2014;Ibiza Calling;385
Feels (feat. Pharrell Williams, Katy Perry & Big Sean);Calvin Harris, Pharrell Williams, Katy Perry, Big Sean, Funk Wav;2017;Funk Wav Bounces Vol.1;223
FEFE (feat. Nicki Minaj & Murda Beatz);6ix9ine, Nicki Minaj, Murda Beatz;2018;FEFE (feat. Nicki Minaj & Murda Beatz);179
Fendi belt;Shiva, Paky;2021;Dolce vita;148
Ferma A Guardare (feat. Pinguini Tattici Nucleari);Ernia, Pinguini Tattici Nucleari;2021;Gemelli;214
Fiel;Los Legendarios, Wisin, Jhay Cortez;2021;Los Legendarios 001;262
Find Your Way - Alle Farben Radio Edit;Plastik Funk, Alle Farben;2019;Find Your Way (Alle Farben Radio Edit);175
Fine Day;Coone, Brennan Heart;2020;Fine Day;237
Fire In My Soul - Tom Staar Remix;Oliver Heldens, Shungudzo, Tom Staar;2019;Fire In My Soul (Tom Staar Remix);177
First Time;Kygo, Ellie Goulding;2017;First Time;194
Five More Hours;Deorro, Chris Brown;2015;Five More Hours;212
Flashlight - Original Mix;R3HAB, Deorro;2014;Flashlight;233
Flexin;Trias, M.I.M.E, Calli Boom;2020;Flexin;194
Flute;New World Sound, Thomas Newson;2014;Ibiza Calling;290
Fly;Marshmello, Leah Culver;2018;Fly;194
Follow Me (feat. Jason Derulo);Hardwell, Jason Derulo;2015;United We Are;200
Found Me (feat. Maria Hazell);The Him, Maria Hazell;2019;Found Me (feat. Maria Hazell);193
FREAK;L8, Mark Roland;2021;FREAK;159
Freak - Joe Stone 2K18 Edit;R3HAB, Quintino, Joe Stone;2018;Freak (Joe Stone 2K18 Edit);177
Freak (feat. Steve Bays);Steve Aoki, Diplo, Deorro, Steve Bays;2014;Random White Dude Be Everywhere;281
Frenchtastic;Mr. Ivex, Dr. Peacock;2017;LSD Problem;329
Friday (feat. Mufasa & Hypeman) - Dopamine Re-Edit;Riton, Nightcrawlers, Mufasa & Hypeman, Dopamine;2021;Friday (feat. Mufasa & Hypeman) [Dopamine Re-Edit];169
FUORI DI TESTA - feat. Par-T-One;Salmo, Par-T-One;2021;FLOP;186
Fuori E Dentro (feat. thasup);Gemitaiz, MadMan, thasup;2019;Scatola Nera;170
Fuoriluogo (feat. Madame);Ernia, Madame;2021;Gemelli;183
Futura Ex (feat. Ernia);Guè, Ernia;2021;GVESVS;191
FYAH;TNT, Technoboy, Tuneboy;2020;FYAH;195
G;Massimo Pericolo, Crookers, Goedi;2021;SOLO TUTTO;191
Game Over;Martin Garrix, LOOPERS;2018;Game Over;156
Gecko (Overdrive) - Radio Edit;Oliver Heldens, Becky Hill;2014;Gecko (Overdrive);165
Genesis - Original Mix;Quintino, Mercer;2014;Genesis;311
GENNARO & CIRO (feat. Baby Gang, Lacrim, Nko);Sacky, Baby Gang, Lacrim, Nko;2021;GENNARO & CIRO (feat. Baby Gang, Lacrim, Nko);173
Get Down;Tiësto, Tony Junior;2015;Get Down;212
Get Low;Dillon Francis, DJ Snake;2015;Money Sucks, Friends Rule;213
Get Lucky (feat. Pharrell Williams & Nile Rodgers);Daft Punk, Pharrell Williams, Nile Rodgers;2013;Random Access Memories;370
Get Lucky (feat. Pharrell Williams & Nile Rodgers) - Radio Edit;Daft Punk, Pharrell Williams, Nile Rodgers;2013;Get Lucky (feat. Pharrell Williams & Nile Rodgers) [Radio Edit];248
Get Up;R3HAB, Ciara;2016;Get Up;194
Get Up (Rattle) - Vocal Edit;Bingo Players, Far East Movement;2013;Diez Años De Mas Nescafé;168
Get Whoa (feat. Fly Boi Keno);MAKJ, Fly Boi Keno;2015;Get Whoa (feat. Fly Boi Keno);240
GHIGLIOTTINA - feat. Noyz Narcos;Salmo, Noyz Narcos;2021;FLOP;187
Giovane Fuoriclasse;Capo Plaza, AVA;2017;Giovane Fuoriclasse;222
Girls Like You (feat. Cardi B) - Cardi B Version;Maroon 5, Cardi B;2018;Girls Like You (feat. Cardi B);236
Give Me Everything (feat. Ne-Yo, Afrojack & Nayer);Pitbull, Ne-Yo, Afrojack, Nayer;2011;Planet Pit (Deluxe Version);252
GO - Showtek Edit;MAKJ, M35, Showtek;2014;GO (Showtek Edit);251
God Is A Dancer (with Mabel);Tiësto, Mabel;2019;God Is A Dancer (with Mabel);168
Going Bad (feat. Drake);Meek Mill, Drake;2018;Championships;181
Going Under - Leon Lour Remix;Borgeous, Loud Luxury, Leon Lour;2017;13 (Remixes);207
Good Girls Go Bad (feat. Leighton Meester);Cobra Starship, Leighton Meester;2009;Hot Mess;196
Good Life (with G-Eazy & Kehlani);G-Eazy, Kehlani;2017;Good Life (with G-Eazy & Kehlani);226
Good Morning World! (Dr. Stone) [feat. Broken];Miura Jam, Broken;2019;Good Morning World! (Dr. Stone) [feat. Broken];249
Good Time;Owl City, Carly Rae Jepsen;2012;The Midsummer Station;206
Good Vibes (feat. Laurell);Quintino, Laurell;2017;Good Vibes (feat. Laurell);165
Goosebumps - Remix;Travis Scott, HVME;2021;Goosebumps (Remix);163
Goteo - Remix;Duki, Ronny J, Pablo Chill-E, Capo Plaza, C.R.O, Asan;2020;Goteo (Remix);278
gua10 - feat. Lazza;thasup, Lazza;2020;23 6451;177
GUERRIERO (feat. Marracash & Venerus);Don Joe, Marracash, Venerus;2021;MILANO SOPRANO;165
Hablamos Mañana;Bad Bunny, Duki, Pablo Chill-E;2020;YHLQMDLG;240
Hakuna Matata - Hardwell Edit;R3HAB, Hardwell;2016;Hakuna Matata (Hardwell Edit);210
Halfway There (feat. Lena Leon);Tiësto, Dzeko, Lena Leon;2019;Halfway There (feat. Lena Leon);195
Happier;Marshmello, Bastille;2018;Happier;214
Happier - Breathe Carolina Remix;Marshmello, Bastille, Breathe Carolina;2018;Happier (Remixes);158
Harder;Dante Klein, HAILZ;2017;Harder;173
Head & Heart (feat. MNEK);Joel Corry, MNEK;2020;Head & Heart (feat. MNEK);166
Head Shoulders Knees & Toes (feat. Norma Jean Martine);Ofenbach, Quarterhead, Norma Jean Martine;2020;Head Shoulders Knees & Toes (feat. Norma Jean Martine);157
Heading Up High;Armin van Buuren, Kensington;2015;Embrace;233
Heaven (feat. Veronica);Dzeko, Riggi & Piros, Veronica;2019;Heaven (feat. Veronica);195
Heaven To Me;Don Diablo, Alex Clare;2018;Heaven To Me;175
Helicopter - Video Edit;Martin Garrix, Firebeatz;2014;Helicopter;206
Hello - Single Edit;Martin Solveig, Dragonette;2011;Smash;282
HENTAI (feat. Ghali & Tony Effe);Sick Luke, Ghali, Tony Effe;2022;X2;198
Hey Baby (feat. A7S);Raaban, Tungevaag, A7S;2018;Hey Baby;180
Hey Ma (with Pitbull & J Balvin feat. Camila Cabello);Pitbull, J Balvin, Camila Cabello;2017;Hey Ma (with Pitbull & J Balvin feat. Camila Cabello);195
Hey Mama (feat. Nicki Minaj, Bebe Rexha & Afrojack);David Guetta, Afrojack, Bebe Rexha, Nicki Minaj;2014;Listen;193
Hey Motherfucker;Timmy Trumpet, Nitti Gritti;2021;Hey Motherfucker;113
Hey Now (feat. Kyle);Martin Solveig, The Cataracs, KYLE;2013;Hey Now (feat. Kyle);188
Hey Ricky (feat. Kreayshawn, Dev & ALISA UENO) - Quintino Remix;NERVO, Kreayshawn, Dev, ALISA UENO, Quintino;2015;Hey Ricky (feat. Kreayshawn, Dev & ALISA UENO) [Remixes];204
High Like This;Yves V, FR!ES;2020;High Like This;169
High On Life (feat. Bonn);Martin Garrix, Bonn;2018;High On Life (feat. Bonn);231
Holla Out (feat. Snails & Taranchyla);Jack Ü, Skrillex, Diplo, SNAILS, Taranchyla;2015;Skrillex and Diplo present Jack Ü;256
Hollywood (feat. Diplo);Sfera Ebbasta, Diplo;2020;Famoso;192
Hoodboy - Remix;Coyote Jo Bastard, Sfera Ebbasta;2020;Hoodboy (Remix);202
Hoohah - Radio Edit;Fox Stevenson, Curbi;2015;Hoohah;191
Hope;The Chainsmokers, Winona Oak;2018;Sick Boy;180
House Party;Steff da Campo, twoloud;2018;House Party;167
How Deep Is Your Love;Calvin Harris, Disciples;2015;How Deep Is Your Love;213
How We Party - Original Mix;R3HAB, VINAI;2014;How We Party;212
How You Love Me (feat. Conor Maynard & Snoop Dogg);Hardwell, Conor Maynard, Snoop Dogg;2018;How You Love Me (feat. Conor Maynard & Snoop Dogg);194
Hyper Love (feat. Nat Dunn) [Radio Edit];Ferry Corsten, Nat Dunn;2014;Hyper Love;204
Hypnotized;Purple Disco Machine, Sophie and the Giants;2020;Hypnotized;196
Hysteria;Steve Aoki, Matthew Koma;2015;Hysteria;266
I Could Be Wrong;Lucas & Steve, Brandy;2018;I Could Be Wrong;177
I Don't Care (with Justin Bieber);Ed Sheeran, Justin Bieber;2019;I Don't Care (with Justin Bieber);220
I Don't Want to Miss a Thing - From the Touchstone film, Armageddon;Aerosmith;1998;I Don't Want To Miss A Thing;300
I Feel;JETFIRE, Qulinez, Karmatek;2016;I Feel;197
I Feel It Coming;The Weeknd, Daft Punk;2016;Starboy;269
I Got Love (feat. Nate Dogg);Don Diablo, Nate Dogg;2018;I Got Love (feat. Nate Dogg);159
I Like It;Cardi B, Bad Bunny, J Balvin;2018;Invasion of Privacy;253
I Love It (& Lil Pump);Kanye West, Lil Pump;2018;I Love It;128
I Love It When You Cry (Moxoki) - Radio Edit;Steve Aoki, Moxie Raia;2015;Neon Future II;192
I love you baby;Jovanotti, Sixpm;2022;Mediterraneo;213
I Need Your Love (feat. Ellie Goulding);Calvin Harris, Ellie Goulding;2012;18 Months;235
I Took A Pill In Ibiza - Seeb Remix;Mike Posner, Seeb;2015;I Took A Pill In Ibiza (Seeb Remix);199
I Wanna Do;Chemical Surf, Dubdisko;2019;I Wanna Do;184
I Want You To Know;Zedd, Selena Gomez;2015;True Colors;240
I Will Be A Lion (feat. Jake Reese);KSHMR, Jake Reese;2021;Harmonica Andromeda;223
Id;Skan, Isoxo, Fang The Great;2016;Id;166
If I Lose Myself - Alesso vs OneRepublic;OneRepublic, Alesso;2014;Native;215
Ignorantes;Bad Bunny, Sech;2020;YHLQMDLG;211
IL CIELO NELLA STANZA (feat. NSTASIA);Salmo, NSTASIA;2018;Playlist;186
IL MIO AMICO (feat. Fabri Fibra);Madame, Fabri Fibra;2021;MADAME;209
I'm an Albatraoz;AronChupa, Little Sis Nora;2014;I'm an Albatraoz;167
La zone (feat. Shiva);Rhove, Shiva;2021;La zone (feat. Shiva);159
In My Mind;Dynoro, Gigi D'Agostino;2018;In My Mind;185
In My Mind (feat. Georgi Kay) - Axwell Radio Edit;Ivan Gough, Feenixpawl, Georgi Kay, Axwell;2012;In My Mind (feat. Georgi Kay);186
In the Name of Love;Martin Garrix, Bebe Rexha;2016;In the Name of Love;196
In Too Deep;Sum 41;2001;All Killer, No Filler;207
In Your Eyes (feat. Alida);Robin Schulz, Alida;2020;In Your Eyes (feat. Alida);208
INDUSTRY BABY (feat. Jack Harlow);Lil Nas X, Jack Harlow;2021;MONTERO;212
Infinity - Dubdogz & Bhaskar Edit;Dubdogz, Bhaskar;2020;Infinity (Dubdogz & Bhaskar Edit);196
Instant Crush (feat. Julian Casablancas);Daft Punk, Julian Casablancas;2013;Random Access Memories;338
International Love (feat. Chris Brown);Pitbull, Chris Brown;2011;Planet Pit (Deluxe Version);227
Intoxicated - Arkadiian & Whiiite Remix;Martin Solveig, Good Times Ahead, Arkadiian, Whiiite;2015;Intoxicated (Remixes);265
Intoxicated - Radio Edit;Martin Solveig, GTA;2015;Intoxicated (Radio Edit);160
Iron;Calvin Harris, Nicky Romero;2012;18 Months;220
Is It Really Love;Joe Stone, Cr3on;2018;Is It Really Love;166
Italiana;J-AX, Fedez;2018;Italiana;174
Jackie Chan;Tiësto, Dzeko, Preme, Post Malone;2018;Jackie Chan;216
JAMBO;Takagi & Ketra, OMI, Giusy Ferreri;2019;JAMBO;157
Jook It (feat. Richie Loop);Tujamo, Salvatore Ganacci, Richie Loop;2018;Jook It (feat. Richie Loop);126
Just Give Me a Reason (feat. Nate Ruess);P!nk, Nate Ruess;2012;The Truth About Love;243
Just Got Paid;Sigala, Ella Eyre, Meghan Trainor, French Montana;2018;Just Got Paid;218
Just Hold On;Steve Aoki, Louis Tomlinson;2018;Neon Future III;199
Just One Last Time (feat. Taped Rai);David Guetta, Taped Rai;2012;Nothing but the Beat (Ultimate Edition);227
Karate;R3HAB, KSHMR;2014;Karate;210
Karate - Original Mix;R3HAB, KSHMR;2014;Karate;210
Ke Lo Ke (feat. Lazza & Gazo);Tony Effe, Lazza, Gazo;2021;Untouchable;142
Keanu Reeves (feat. Achille Lauro);Gemitaiz, Achille Lauro;2018;Davide;210
Kick Ass (We Are Young);MIKA, RedOne;2010;Kick Ass (International Version);192
Kids (feat. MKLA);KSHMR, Stefy De Cicco, MKLA;2020;Kids (feat. MKLA);185
Kill EVERYBODY - Bare Noize Remix;Skrillex, Bare Noize;2010;Scary Monsters and Nice Sprites (Deluxe Tour Edition);281
King Of My Castle - Don Diablo Edit;Don Diablo, Keanu Silva;2019;King Of My Castle (Don Diablo Edit);173
King's Supreme;Hell Raton, Ensi, Salmo, En?gma, Bassi Maestro, Rocco Hunt, Gemitaiz;2015;Machete Mixtape Gold Edition;253
Kiss and Make Up;Dua Lipa, BLACKPINK;2015;Dua Lipa (Complete Edition);191
Klan;Mahmood, DRD;2021;Ghettolimpo;179
Knockout;Deorro, MAKJ, Quintino;2018;Knockout;143
Know You Better (feat. Tessa Odden);Sam Feldt, LVNDSCAPE, Tessa Odden;2018;Know You Better (feat. Tessa Odden);228
LA CANZONE NOSTRA ⟁ ︎(con BLANCO & SALMO);MACE, BLANCO, Salmo;2021;OBE;238
LA CHIAVE - feat. Marracash;Salmo, Marracash;2021;FLOP;119
LA DOLCE VITA;Fedez, Tananai, Mara Sattei;2022;LA DOLCE VITA;188
La Gozadera;Gente De Zona, Marc Anthony;2015;La Gozadera;203
La La La (Brasil 2014) (feat. Carlinhos Brown);Shakira, Carlinhos Brown;2014;Shakira. (Expanded Edition);198
La Luna, Houston, Texas;El Hombre Misterioso;2009;Inside The Corporation;303
La Santa;Bad Bunny, Daddy Yankee;2020;YHLQMDLG;206
LA STREGA DEL FRUTTETO (feat. chiello & Madame);Sick Luke, chiello, Madame;2021;LA STREGA DEL FRUTTETO (feat. chiello & Madame);185
Lalala;Y2K, bbno$;2019;Lalala;161
Landslide;Vicetone, Youngblood Hawke;2016;Landslide;235
Lean On (feat. MØ & DJ Snake);Major Lazer, MØ, DJ Snake;2015;Lean On (feat. MØ & DJ Snake);177
Legends Never Die;League of Legends, Against The Current;2017;Legends Never Die;235
Lemonade (feat. Gunna, Don Toliver & NAV);Internet Money, Gunna, Don Toliver, NAV;2020;B4 The Storm;195
Lento;Boro Boro, Don Joe, MamboLosco;2019;Lento;162
Let It Go;Eptic, Dillon Francis;2019;Let It Go;196
Let Me Feel - Fedde Le Grand Remix;Nicky Romero, Vicetone, When We Are Wild, Fedde Le Grand;2014;Let Me Feel (Fedde Le Grand Remix);282
Let Me Love You;DJ Snake, Justin Bieber;2016;Encore;206
Let's Get Ill;DJ Snake, Mercer;2018;Let's Get Ill;257
Lifting You Higher (ASOT 900 Anthem) - Blasterjaxx Remix;Armin van Buuren, Blasterjaxx;2019;Lifting You Higher (ASOT 900 Anthem) [Remixes];188
Light It Up (feat. Nyla & Fuse ODG) - Remix;Major Lazer, Nyla, Fuse ODG;2015;Peace Is the Mission (Extended Edition);166
Like A G6;Far East Movement, The Cataracs, DEV;2012;Dirty Bass (Deluxe);219
Like I Do;David Guetta, Martin Garrix, Brooks;2018;Like I Do;203
Metaphor;Alok, Timmy Trumpet;2019;Metaphor;202
Llegamos A La Disco;Daddy Yankee, De La Ghetto, Ñengo Flow, Arcangel, Farruko, Baby Rasta & Gringo, kyza, Kendo;2012;Prestige;453
Lo Sai;Tedua, Sick Luke;2020;Vita Vera Mixtape;201
Loca - Remix;KHEA, Bad Bunny, Duki, Cazzu;2018;Loca Remix;346
Loca Remix;KHEA, Bad Bunny, Duki, Cazzu;2018;Loca Remix;346
Locked Away (feat. Adam Levine);R. City, Adam Levine;2015;What Dreams Are Made Of;227
Loco Contigo (feat. J. Balvin & Tyga);DJ Snake, J Balvin, Tyga;2019;Carte Blanche;185
Lonely Together (feat. Rita Ora);Avicii, Rita Ora;2017;AVĪCI (01);182
Loops & Tings;Markus Schulz, Ferry Corsten;2013;World Tour - Best Of 2012 (Unmixed Edits);208
Lose Control;MEDUZA, Becky Hill, Goodboys;2019;Lose Control;168
Lose Yourself to Dance (feat. Pharrell Williams);Daft Punk, Pharrell Williams;2013;Random Access Memories;354
Louder - Radio Edit;Dimitri Vegas & Like Mike, VINAI;2015;Louder;154
Love Again (feat. Alida);Alok, Alida;2021;Love Again (feat. Alida);147
Love It Like That (feat. Nyanda);Pink Panda, Nyanda;2018;Love It Like That (feat. Nyanda);162
Love The Way You Lie;Eminem, Rihanna;2010;Recovery;263
Love Tonight - David Guetta Remix Edit;Shouse, David Guetta;2021;Love Tonight (David Guetta Remix);158
Lovers on the Sun (feat. Sam Martin);David Guetta, Sam Martin;2015;Listen Again;204
Lullaby;R3HAB, Mike Williams;2018;Lullaby;160
L'ultima volta - feat. Massimo Pericolo;Emis Killa, Jake La Furia, Massimo Pericolo;2021;17 - Dark Edition;211
LUNA PIENA (con IRAMA);Rkomi, Irama, Shablo;2021;TAXI DRIVER;167
Lunar;Madison Mars, Lucas & Steve;2019;Lunar;190
M' Manc (con Geolier & Sfera Ebbasta);Shablo, Geolier, Sfera Ebbasta;2020;M' Manc (con Geolier & Sfera Ebbasta);180
m12ano - feat. Mara Sattei;thasup, Mara Sattei;2020;23 6451;188
Ma quale idea;Pino D'Angiò;2011;Italian Classics: Pino D'Angiò Collection, Vol. 1;262
MADAME - L'anima (feat. Madame);Marracash, Madame;2020;Persona;222
Make It Bun Dem;Skrillex, Damian Marley;2012;Make It Bun Dem After Hours EP;214
MAKUMBA;Noemi, Carl Brave;2021;Metamorfosi;218
Malbec;Duki, Bizarrap;2021;Desde el Fin del Mundo;176
Mama (feat. Nitro);Gemitaiz, Nitro;2020;QVC9 - QUELLO CHE VI CONSIGLIO VOL. 9;181
Mambo Salentino;Boomdabash, Alessandra Amoroso;2019;Mambo Salentino;155
Mammoth - Radio Edit;Dimitri Vegas & Like Mike, MOGUAI;2014;Mammoth;160
Mammoth (Original);Dimitri Vegas & Like Mike, MOGUAI;2014;Mammoth;332
Mandala - Official Sunburn 2016 Anthem;KSHMR, Marnik, Mitika;2016;Mandala (Official Sunburn 2016 Anthem);176
Margarita (con Marracash);Elodie, Marracash;2019;Margarita (con Marracash);178
MARYLEAN (feat. Marracash) - prod. Low Kidd;MACHETE, Salmo, Nitro, Marracash;2019;MACHETE MIXTAPE 4;144
Marymango (feat. tha Supreme);Ghali, thasup;2020;DNA;205
Mayhem;Steve Aoki, Quintino;2018;Mayhem;157
Mazzette;ODT, MamboLosco;2021;ODT COSCA;153
Me & U (feat. Anna Lunoe);Tommy Trash, Anna Lunoe;2015;Luv U Giv;197
ME O LE MIE CANZONI? (con GAZZELLE);Rkomi, Gazzelle, Night Skinny;2021;TAXI DRIVER;167
Me, Myself & I;G-Eazy, Bebe Rexha;2015;When It's Dark Out;251
Memories (feat. Kid Cudi);David Guetta, Kid Cudi;2010;One More Love;210
MI FAI IMPAZZIRE;BLANCO, Sfera Ebbasta;2021;MI FAI IMPAZZIRE;220
Mi Piace (feat. Sfera Ebbasta);Tony Effe, Sfera Ebbasta;2021;Untouchable;159
MIA (feat. Drake);Bad Bunny, Drake;2018;MIA (feat. Drake);210
Mic Check;Good Times Ahead, TJR;2015;DTG VOL. 1;234
MIC Drop (feat. Desiigner) [Steve Aoki Remix];BTS, Desiigner, Steve Aoki;2017;MIC Drop (feat. Desiigner) [Steve Aoki Remix];239
MIC Drop (Steve Aoki Remix) [Full Length Edition];BTS, Steve Aoki;2018;Love Yourself 結 'Answer';308
Middle;DJ Snake, Bipolar Sunshine;2016;Encore;221
MILLE – feat. Orietta Berti;Fedez, Achille Lauro, Orietta Berti;2021;MILLE – feat. Orietta Berti;176
Miss - Emodrill version 2019;Massimo Pericolo, Crookers, Nic Sarno;2019;Scialla Semper (Emodrill Repack);198
Miss You;Marc Benjamin, Bancali;2021;Miss You;158
Missing;BODÉ, Tanya Lacey;2019;Missing;182
Mistaken (feat. Alex Aris);Martin Garrix, Matisse & Sadko, Alex Aris;2019;Mistaken (feat. Alex Aris);282
Mistaken (feat. Alex Aris) - Club Mix;Martin Garrix, Matisse & Sadko, Alex Aris;2019;Mistaken (feat. Alex Aris);282
Mon Cheri (feat. Sfera Ebbasta);Rkomi, Sfera Ebbasta;2019;Dove Gli Occhi Non Arrivano;182
Money In The Grave (Drake ft. Rick Ross);Drake, Rick Ross;2019;The Best In The World Pack;205
Monster;LUM!X, Gabry Ponte;2019;Monster;154
Mood (feat. iann dior);24kGoldn, iann dior;2020;Mood (feat. iann dior);141
Morto di fame (feat. Lazza);Emis Killa, Lazza;2021;Keta Music, Vol. 3;163
Muñequita Linda;Juan Magán, Deorro, MAKJ, YFN Lucci;2018;Muñequita Linda;211
Mufasa;Timmy Trumpet, The Golden Army;2018;Mufasa;167
Mujer Amante - Vivo;Rata Blanca;2011;XX Aniversario En Vivo - Magos, Espadas Y Rosas;377
Murderer;Carbin, hayve, Emily Makis;2020;Murderer;201
My Best Life (feat. Mike Waters);KSHMR, Mike Waters;2019;My Best Life (feat. Mike Waters);212
My Life Is Going On - Burak Yeter Remix;Burak Yeter, Cecilia Krull;2018;My Life Is Going On (Burak Yeter Remix);226
My Nigga;YG, Jeezy, Rich Homie Quan;2013;My Nigga;236
My One (feat. Tory Lanez, Kranium & Dappy) (Shift K3Y Remix);Wiley, Kranium, Dappy, Tory Lanez, Shift K3Y;2019;My One (feat. Tory Lanez, Kranium & Dappy) (Shift K3Y Remix);200
Narco;Blasterjaxx, Timmy Trumpet;2017;Narco;209
Near Me;R3HAB, BURNS;2016;Near Me;189
Nel male e nel bene (feat. Massimo Pericolo);Emis Killa, Massimo Pericolo;2021;Keta Music, Vol. 3;191
NEMESI (feat. BLANCO);Marracash, BLANCO;2021;NOI, LORO, GLI ALTRI;176
NEON - Le Ali (feat. Elisa);Marracash, Elisa;2020;Persona;207
Nero Bali;Elodie, Michele Bravi, Guè;2018;Nero Bali;184
Nevada (feat. Cozi Zuehlsdorff);Vicetone, Cozi Zuehlsdorff;2016;Nevada (feat. Cozi Zuehlsdorff);209
Never Sleep (Official Dreamfields Anthem 2014) [Club Mix];John Christian, Indyana;2014;Ibiza Calling;326
Neverland;KSHMR, 7 Skies;2018;Neverland;190
New Vibe Who Dis (feat. Little League);Madison Mars, Little League;2019;New Vibe Who Dis (feat. Little League);192
No Bad Vibes (feat. Guesan);Ackeejuice Rockers, Yung Snapp, MV Killa, Guesan;2021;No Bad Vibes (feat. Guesan);243
No Cap (feat. Geolier);Emis Killa, Jake La Furia, Geolier;2021;17 - Dark Edition;193
No Heroes (feat. Luciana);Firebeatz, KSHMR, Luciana;2014;No Heroes (feat. Luciana);245
No JoJo;Baby Gang, Bobo;2021;DELINQUENTE;198
No Lie;Michael Calfan, Martin Solveig;2020;No Lie;167
No Promises (feat. Demi Lovato);Cheat Codes, Demi Lovato;2017;No Promises (feat. Demi Lovato);224
No Regrets (feat. Krewella);KSHMR, Yves V, Krewella;2019;No Regrets (feat. Krewella);184
No Woman, No Cry - Live At The Lyceum, London/1975;Bob Marley & The Wailers;1975;Live!;428
no14 - feat. Dani Faiv;thasup, Dani Faiv;2020;23 6451;176
Non ho paura;Oliver Green, Olly, JVLI;2021;Non ho paura;158
Non mi regolo (feat. Gemitaiz & Il Tre);Briga, Gemitaiz, Il Tre;2021;Non mi regolo (feat. Gemitaiz & Il Tre);196
Not Going Home;DVBBS, CMC$, Gia Koka;2016;Beautiful Disaster;195
Not So Bad (feat. Emie);Yves V, Ilkay Sencan, Emie;2020;Not So Bad (feat. Emie);154
NOTTE SCURA (feat. Gazzelle & Tedua);Sick Luke, Gazzelle, Tedua;2022;X2;176
Now That I've Found You (feat. John & Michel);Martin Garrix, John & Michel;2016;Now That I've Found You (feat. John & Michel);193
Nuclear (Hands Up);Zomboy;2013;Never Say Die, Vol. 2;316
Numb / Encore;JAY-Z, Linkin Park;2004;Collision Course (Deluxe Version);205
NUOVO RANGE (con SFERA EBBASTA);Rkomi, Sfera Ebbasta, Junior K;2021;TAXI DRIVER;177
NUOVO RANGE (feat. Sfera Ebbasta & Junior K) - MTV Unplugged;Rkomi, Sfera Ebbasta, Junior K;2021;TAXI DRIVER (MTV Unplugged);188
Ocarina;Dimitri Vegas & Like Mike, Wolfpack;2015;Ocarina;295
occh1 purpl3 - feat. Marracash;thasup, Marracash;2020;23 6451;188
Ocean;Alok, Zeeba, iRO;2018;Ocean;174
Ocean (feat. Khalid);Martin Garrix, Khalid;2018;Ocean (feat. Khalid);216
Off The Hook;Hardwell, Armin van Buuren;2015;Off The Hook;177
oh 9od;thasup, Nayt;2018;oh 9od;206
oh 9od - feat. Nayt;thasup, Nayt;2020;23 6451;204
Old Town Road - Remix;Lil Nas X, Billy Ray Cyrus;2019;7 EP;157
Old Town Road (feat. Billy Ray Cyrus) - Remix;Lil Nas X, Billy Ray Cyrus;2019;Old Town Road;157
OMG;Usher, will.i.am;2010;Raymond v Raymond;269
On & On;Cartoon, Daniel Levi;2015;On & On;207
On My Mind;Monocule, Tim van Werd, Nicky Romero;2022;On My Mind;194
One Dance;Drake, WizKid, Kyla;2016;Views;174
One Day (feat. ROZES);Sam Feldt, Yves V, ROZES;2019;One Day (feat. ROZES);148
One Kiss (with Dua Lipa);Calvin Harris, Dua Lipa;2018;One Kiss (with Dua Lipa);215
One Night (feat. Raphaella) - Nightlapse Remix;MK, Sonny Fodera, Raphaella, Nightlapse;2020;One Night (Remixes) (feat. Raphaella);194
One Right Now (with The Weeknd);Post Malone, The Weeknd;2021;One Right Now;194
Ooh Girl (feat. A Boogie Wit da Hoodie);Kris Kross Amsterdam, Conor Maynard, A Boogie Wit da Hoodie;2019;Ooh Girl (feat. A Boogie Wit da Hoodie);168
OPINEL;Simba La Rue, Bobo;2021;OPINEL;137
Otro Trago;Sech, Darell;2019;Sueños;226
Otro Trago - Remix;Sech, Ozuna, Anuel AA, Darell, Nicky Jam;2019;Otro Trago (Remix);288
Out Of This Town;Hardwell, VINAI, Cam Meekins;2018;Out Of This Town;195
Outside (feat. Ellie Goulding);Calvin Harris, Ellie Goulding;2014;Motion;227
Pablo;Rvssian, Sfera Ebbasta;2018;Pablo;166
Palabras Mudas (Con Gema);Porta, Gema;2012;Reset (Worldwide);284
PANICO (feat. Takagi & Ketra);Lazza, Takagi & Ketra;2022;SIRIO;189
Paradise (feat. Dermot Kennedy);MEDUZA, Dermot Kennedy;2020;Paradise;168
parano1a k1d - feat. Fabri Fibra;thasup, Fabri Fibra;2020;23 6451;144
Party Never Ends;Alok, Quintino;2019;Party Never Ends;149
Party Rock Anthem;LMFAO, Lauren Bennett, GoonRock;2011;Sorry For Party Rocking;262
Party Starter;Laidback Luke, Mark Bale;2019;Party Starter;132
Pensándolo bien, pensé mal;PXNDX;2012;Bonanza;222
Pensare Male (con Elodie);The Kolors, Elodie;2019;Pensare Male (con Elodie);209
Per sentirmi vivo;Fasma, GG;2020;Io sono Fasma;178
Perdoname (feat. Renny Mclean);Ludovica Pagani, Kenny Ray, Renny McLean;2018;Perdoname (feat. Renny Mclean);207
Perfect;Simple Plan;2002;No Pads, No Helmets...Just Balls;277
Perfect Strangers;Jonas Blue, JP Cooper;2016;Perfect Strangers;197
pers0na2 - feat. Gemitaiz, Madman;thasup, Gemitaiz, MadMan;2020;23 6451;252
Phantasy Star Online;Deko, Yameii;2019;Iridescent;194
Phoenix;League of Legends, Cailin Russo, Chrissy Costanza;2019;Phoenix;198
Phoenix On Fire (Radio Edit) (feat. Dragonfly & Marzon);Cato Anaya, Dragonfly, Marzon;2015;Phoenix On Fire (Radio Edit) (feat. Dragonfly & Marzon);169
Piece of Me;MK, Becky Hill;2016;Piece of Me;189
Piece Of Your Heart;MEDUZA, Goodboys;2019;Piece Of Your Heart;153
Ping Pong - Hardwell Remix;Armin van Buuren, Hardwell;2014;A State Of Trance Episode 657;181
PIOVE (feat. Sfera Ebbasta);Lazza, Sfera Ebbasta;2022;SIRIO;156
Play Hard (feat. Ne-Yo & Akon) - New Edit;David Guetta, Akon, Ne-Yo;2013;Play Hard (feat. Ne-Yo & Akon) [New Edit];209
Play It Cool - DVBBS Remix;Steve Aoki, Monsta X, DVBBS;2019;Play It Cool (DVBBS Remix);270
Poi Poi Poi (feat. Madame);Leon Faun, Duffy, Madame;2021;C'era una volta;179
polka 2 :-/;Rosa Chemical, Guè, Ernia;2021;FOREVER AND EVER;208
Polo nord - C+N Progressive Mix;Massimo Pericolo, Crookers, Nic Sarno;2019;Scialla Semper (Emodrill Repack);249
Polvere (feat. Capo Plaza);Tedua, Chris Nolan, AVA, Capo Plaza;2020;Vita Vera Mixtape;253
Pookie (feat. Capo Plaza) - Remix;Aya Nakamura, Capo Plaza;2019;Pookie (feat. Capo Plaza) [Remix];188
Portland;Drake, Quavo, Travis Scott;2017;More Life;237
Pour Over;Vintage Culture, Adam K;2018;Pour Over;214
Power;Hardwell, KSHMR;2017;Power;149
Pray (feat. Conor Maynard);Alok, Conor Maynard;2018;Pray (feat. Conor Maynard);172
Prayer in C - Robin Schulz Radio Edit;Lilly Wood and The Prick, Robin Schulz;2014;Prayer in C;189
Problem;Ariana Grande, Iggy Azalea;2014;Problem;194
Promises (with Sam Smith);Calvin Harris, Sam Smith, Jessie Reyez;2018;Promises (with Sam Smith);213
Propaganda;Fabri Fibra, Colapesce, Dimartino;2022;Caos;214
Psyhaus;Juicy M, Subshock & Evangelos;2019;Psyhaus;208
Pump Up The Jam - Edit;Technotronic, Felly;2011;Best Of;215
PUMP! - Original Mix;Felguk, Syn Cole;2015;Nicky Romero presents Miami 2015;250
Punk - ARTY Rock-n-Rolla Extended Mix;Ferry Corsten, ARTY;2013;Trance Classics Reloaded;385
Purple Lamborghini (with Rick Ross);Skrillex, Rick Ross;2016;Purple Lamborghini (with Rick Ross);216
Pyramids - Radio Mix;DVBBS, Dropgun, Sanjin;2014;Pyramids;197
Quanto ti vorrei;chiello, Shablo;2021;OCEANO PARADISO;180
QUELLI CHE NON PENSANO - Il cervello (feat. Coez);Marracash, Coez;2020;Persona;190
RAGAZZI DELLA NEBBIA ♅ (con FSK SATELLITE & IRAMA);MACE, FSK SATELLITE, Irama;2021;OBE;191
Rage the Night Away (feat. Waka Flocka Flame);Steve Aoki, Waka Flocka Flame;2014;Rage the Night Away (feat. Waka Flocka Flame);285
Raise Those Hands;R3HAB, Bassjackers;2013;Raise Those Hands;303
Rapture;Alok, Daniel Blume;2021;Rapture;166
Rasputin;Majestic, Boney M.;2021;Rasputin;186
Reckless;Hardwell, Quintino;2019;Reckless;148
Red Lips (feat. Sam Bruno);Good Times Ahead, Sam Bruno;2015;DTG VOL. 1;232
Reload - Vocal Version / Radio Edit;Sebastian Ingrosso, Tommy Trash, John Martin;2013;Reload (Vocal Version / Radio Edit);221
Remind Me to Forget;Kygo, Miguel;2018;Remind Me to Forget;217
Renegade;Steff da Campo, SMACK;2019;Renegade;143
Repeat After Me;Dimitri Vegas & Like Mike, Armin van Buuren, W&W;2019;Repeat After Me;194
Ricordarmi di scordarti;Mida, LAX;2021;Ricordarmi di scordarti;144
Ride Out;Kid Ink, Tyga, Wale, YG, Rich Homie Quan;2015;Furious 7: Original Motion Picture Soundtrack;212
Riot (Lo Lo Loco) [feat. Alida];LVNDSCAPE, Alida;2018;Riot (Lo Lo Loco) [feat. Alida];190
RISE;League of Legends, The Glitch Mob, Mako, The Word Alive;2018;RISE;193
Rise Up (feat. Vamero);VINAI, VAMERO;2020;Rise Up (feat. Vamero);182
RITMO (Bad Boys For Life);Black Eyed Peas, J Balvin;2019;RITMO (Bad Boys For Life);222
Riverside 2099;Oliver Heldens, Sidney Samson;2018;Riverside 2099;235
Rock the Place - Radio Mix;twoloud, Dany Avila;2014;Ibiza Calling;181
Rockabye (feat. Sean Paul & Anne-Marie);Clean Bandit, Sean Paul, Anne-Marie;2016;Rockabye (feat. Sean Paul & Anne-Marie);251
Rocket;W&W, Blasterjaxx;2014;Ibiza Calling;315
Rocketeer;Far East Movement, Ryan Tedder, Ruff Loaderz;2010;Free Wired;211
ROCKSTAR (feat. Roddy Ricch);DaBaby, Roddy Ricch;2020;BLAME IT ON BABY;182
Rolling Paper - Hard edit;Billx, Vandal;2020;Rolling Paper (Hard edit);227
Rolls Royce (feat. Boss Doms, Frenetik&Orang3);Achille Lauro, Boss Doms, Frenetik&Orang3;2020;1969 - Achille Idol Rebirth;173
Roses;The Chainsmokers, ROZES;2015;Roses;227
Roses - Imanbek Remix;SAINt JHN, Imanbek;2019;Roses (Imanbek Remix);177
Roses (with Juice WRLD feat. Brendon Urie);benny blanco, Juice WRLD, Brendon Urie;2018;FRIENDS KEEP SECRETS;224
Runaway;Los Pericos, The Original Wailers;2010;Pericos & Friends;233
Sad (feat. Afrojack);Chico Rose, Afrojack;2019;Sad (feat. Afrojack);161
Safaera;Bad Bunny, Jowell & Randy, Ñengo Flow;2020;YHLQMDLG;295
Salam Alaikum (feat. 7ari & Steve Aoki);Sfera Ebbasta, 7ari, Steve Aoki;2021;Famoso;150
Salsa;J-AX, Jake La Furia;2021;Salsa;196
Sandstorm;Darude;2001;Before the Storm, Special Edition;225
SAPORE – with Tedua;Fedez, Tedua;2021;DISUMANO;195
Save Me (feat. MKLA);Vintage Culture, Adam K, MKLA;2018;Save Me (feat. MKLA);194
Save My Life (feat. Lovespeake);David Guetta, MORTEN, Lovespeake;2020;Save My Life (feat. Lovespeake);184
Save Your Tears (with Ariana Grande) (Remix);The Weeknd, Ariana Grande;2021;Save Your Tears (Remix);191
Say My Name - Sidney Samson Remix;David Guetta, Bebe Rexha, J Balvin, Sidney Samson;2018;Say My Name (feat. Bebe Rexha & J Balvin) [Sidney Samson Remix];193
SCACCIACANI – feat. Massimo Pericolo – prod. Crookers & Nic Sarno;Ketama126, Massimo Pericolo;2019;KETY;220
Scary Monsters and Nice Sprites - Noisia Remix;Skrillex, Noisia;2010;Scary Monsters and Nice Sprites (Deluxe Tour Edition);204
Scary Monsters and Nice Sprites - Zedd Remix;Skrillex, Zedd;2010;Scary Monsters and Nice Sprites (Deluxe Tour Edition);358
Scatta (feat. Foreign Beggars & Bare Noize);Skrillex, Bare Noize, Foreign Beggars;2010;Scary Monsters and Nice Sprites (Deluxe Tour Edition);235
Señorita;Shawn Mendes, Camila Cabello;2019;Shawn Mendes (Deluxe);191
Secreto;Anuel AA, KAROL G;2019;Secreto;259
Secrets;LUM!X, SØLO;2021;Secrets;158
Secrets - Radio Edit;Tiësto, KSHMR, VASSY;2015;Secrets (Radio Edit);217
See You Again (feat. Charlie Puth);Wiz Khalifa, Charlie Puth;2015;See You Again (feat. Charlie Puth);230
Sensational - Zonderling Remix;Sam Feldt, Zonderling;2018;After The Sunset;173
Senza Di Me (feat. Venerus & Franco126);Gemitaiz, Venerus, Franco126;2018;Senza Di Me;202
Senza Pensieri (feat. Loredana Bertè & J-AX);Fabio Rovazzi, Loredana Bertè, J-AX;2019;Senza Pensieri;186
SEVEN 7oo (feat. Rondodasosa, Sacky, Vale Pain, Neima Ezza, Kilimoney, Keta, Nko);SEVEN 7oo, Rondodasosa, Sacky, Vale pain, Neima Ezza, Kilimoney, Keta, Nko;2021;SEVEN 7oo (feat. Rondodasosa, Sacky, Vale Pain, Neima Ezza, Kilimoney, Keta, Nko);210
Sex;Cheat Codes, Kris Kross Amsterdam;2016;Sex;228
Shades Of Grey - Radio Mix;Oliver Heldens, Shaun Frank, Delaney Jane;2015;Shades of Grey (Radio Mix);183
Shakalaka (Steve Aoki, Deorro, MAKJ & Max Styler);Steve Aoki, Deorro, MAKJ, Max Styler;2018;Shakalaka (Steve Aoki, Deorro, MAKJ & Max Styler);177
SHAWTY (feat. Sacky);Rondodasosa, Nko, Sacky;2021;SHAWTY (feat. Sacky);154
She Knows (feat. Amber Coffman & Cults);J. Cole, Amber Coffman, Cults;2013;Born Sinner;297
She Knows (feat. Amber Coffman & Cults);J. Cole, Cults, Amber Coffman;2013;Born Sinner (Deluxe Version);297
She Wolf (Falling to Pieces) [feat. Sia];David Guetta, Sia;2012;Nothing but the Beat (Ultimate Edition);223
SHIMMY SHIMMY;Takagi & Ketra, Giusy Ferreri;2021;SHIMMY SHIMMY;160
Shotgun (The Wild Remix);George Ezra, The Wild;2018;Shotgun (The Wild Remix);192
Show Me Your Love;Firebeatz, Lucas & Steve;2017;Show Me Your Love;177
SICKO MODE - Skrillex Remix;Travis Scott, Skrillex;2018;SICKO MODE (Skrillex Remix);305
Signals;Todiefor, SHOEBA, Roméo Elvis;2019;Signals;164
Sigure;Matisse, Sadko;2014;Ibiza Calling;290
Silence;Marshmello, Khalid;2017;Silence;181
SKUSKU (feat. Pyrex);MamboLosco, Pyrex;2021;SKUSKU (feat. Pyrex);224
Sky High - Tiësto Edit;Firebeatz;2015;Club Life, Vol. 4 - New York City;135
Sky Racer;CALVO, TAI;2018;Sky Racer;160
SLATT (feat. Capo Plaza);Rondodasosa, Capo Plaza;2020;GIOVANE RONDO;217
Smith & Wesson Freestyle (feat. Marracash);Guè, Dj Harsh, Marracash;2021;Fastlife 4;130
Smoke Weed Everyday (feat. Diezel);Trick Trick, Diezel;2013;Smoke Weed Everyday Ft. Diezel;229
Smokers Unite (feat. Paul Wall & Clyde Carson);Good Times Ahead, Paul Wall, Clyde Carson;2015;DTG VOL. 1;186
Snitch E Impicci (con FSK SATELLITE);DrefGold, FSK SATELLITE;2020;Snitch E Impicci (con FSK SATELLITE);202
So Gangsta;Snoop Dogg, Butch Cassidy;2010;More Malice;228
Soldi in Nero - feat. Sfera Ebbasta;Shiva, Sfera Ebbasta;2019;Soldi in Nero (feat. Sfera Ebbasta);184
Solero (prod. Zef);Lorenzo Fragola, The Kolors;2021;Solero (prod. Zef);181
SOLITE PARE (feat. thasup & Sfera Ebbasta);Sick Luke, thasup, Sfera Ebbasta;2022;X2;212
Solo (feat. Demi Lovato);Clean Bandit, Demi Lovato;2018;Solo (feat. Demi Lovato);223
Something Just Like This;The Chainsmokers, Coldplay;2017;Memories...Do Not Open;247
Something New;Axwell /\ Ingrosso, Axwell, Sebastian Ingrosso;2015;Something New;247
SOS;Avicii, Aloe Blacc;2019;SOS;157
Soundboy;Apster, NLW;2015;Soundboy;152
Soundwave - Radio Edit;R3HAB, Trevor Guthrie;2014;Soundwave;184
SPARARE ALLA LUNA (feat. Coez);Salmo, Coez;2018;Playlist;212
Spectrum;Zedd, Matthew Koma;2012;Clarity;243
Spigoli (feat. Mara Sattei & thasup);Carl Brave, Mara Sattei, thasup;2020;Coraggio;257
SPORT + muscoli (RMX) (feat. Lazza, Paky, Luchè & Taxi B);Marracash, Luchè, Lazza, Paky, Taxi B;2020;Persona;287
STAI ZITTO (feat. Fabri Fibra);Salmo, Fabri Fibra;2018;Playlist;203
Stamm Fort (feat. Sfera Ebbasta);Luchè, Sfera Ebbasta;2019;Stamm Fort;171
Stan;Eminem, Dido;2005;Curtain Call (Deluxe);404
Star (feat. Shiva);Paky, Shiva;2022;Salvatore;181
Starlight (Could You Be Mine) [Otto Knows Remix];Don Diablo, Matt Nash;2014;Ibiza Calling;383
Stars;Ummet Ozcan, Katt Niall;2015;Stars;188
Starving;Hailee Steinfeld, Grey, Zedd;2016;HAIZ;182
Starwave;Deko, Yameii Online;2020;Moonkid Monday, Vol. 2;231
Stay (with Alessia Cara);Zedd, Alessia Cara;2017;Stay;210
STAY (with Justin Bieber);The Kid LAROI, Justin Bieber;2021;F*CK LOVE 3: OVER YOU;142
Stay The Night - Featuring Hayley Williams Of Paramore;Zedd, Hayley Williams;2012;Clarity (Deluxe);217
Stole the Show;Kygo, Parson James;2015;Stole the Show;223
Stranger Things (feat. OneRepublic);Kygo, OneRepublic;2017;Kids in Love;221
Strong;R3HAB, KSHMR;2015;Strong;169
Stronger;Stonebank, EMEL;2015;Stronger;320
STUPIDO;Massimo Pericolo, Crookers;2021;SOLO TUTTO;187
Su Di Te;Simone Panetti, G.bit, Mike Lennon, Rooler;2021;Su Di Te;189
Sucker for Pain (with Wiz Khalifa, Imagine Dragons, Logic & Ty Dolla $ign feat. X Ambassadors);Lil Wayne, Wiz Khalifa, Imagine Dragons, X Ambassadors, Logic, Ty Dolla $ign;2016;Sucker for Pain (with Logic & Ty Dolla $ign feat. X Ambassadors);243
Sugar (feat. Francesco Yates);Robin Schulz, Francesco Yates;2015;Sugar;219
Summer Days (feat. Macklemore & Patrick Stump of Fall Out Boy);Martin Garrix, Macklemore, Fall Out Boy;2019;Summer Days (feat. Macklemore & Patrick Stump of Fall Out Boy);164
SummerThing!;Afrojack, Mike Taylor;2015;SummerThing!;235
Summertime Sadness (Lana Del Rey Vs. Cedric Gervais) - Cedric Gervais Remix;Lana Del Rey, Cedric Gervais;2013;Summertime Sadness [Lana Del Rey vs. Cedric Gervais] (Cedric Gervais Remix);215
Summertime Sadness [Lana Del Rey vs. Cedric Gervais] - Cedric Gervais Remix;Lana Del Rey, Cedric Gervais;2013;Summertime Sadness [Lana Del Rey vs. Cedric Gervais] (Cedric Gervais Remix);215
Sun Goes Down (feat. MAGIC! & Sonny Wilson);David Guetta, Showtek, MAGIC!, Sonny Wilson;2014;Listen;212
Sun Is Shining;Axwell /\ Ingrosso, Axwell, Sebastian Ingrosso;2015;Sun Is Shining;255
Sunflower - Spider-Man: Into the Spider-Verse;Post Malone, Swae Lee;2018;Sunflower (Spider-Man: Into the Spider-Verse);158
Superfans - Radio Edit;CIC, Dycy;2015;Superfans (Radio Edit);187
Supernova (Interstellar) - Radio Edit;Steve Aoki, Marnik, Lil Jon;2016;Supernova (Interstellar) [Radio Edit];188
SUPREME - L'ego (feat. tha Supreme & Sfera Ebbasta);Marracash, thasup, Sfera Ebbasta;2019;Persona;223
SUPREME - L'ego (feat. thasup & Sfera Ebbasta);Marracash, thasup, Sfera Ebbasta;2020;Persona;223
sw1n6o - feat. Salmo;thasup, Salmo;2020;23 6451;184
Sweat - Remix;Snoop Dogg, David Guetta, Giorgio Tuinfort, Frederic Riesterer;2011;Sweat (Snoop Dogg Vs. David Guetta) [Remix];196
Sweet Dreams (feat. Kaleena Zanders);Breathe Carolina, Dropgun, Kaleena Zanders;2018;Sweet Dreams (feat. Kaleena Zanders);159
Switch;Blasterjaxx, Bassjackers;2018;Switch;226
Symphonia;Alok, Sevenn;2020;Symphonia;165
Taki Taki (with Selena Gomez, Ozuna & Cardi B);DJ Snake, Selena Gomez, Ozuna, Cardi B;2018;Taki Taki (with Selena Gomez, Ozuna & Cardi B);213
TATUAGGI (feat. ARIETE);PSICOLOGI, ARIETE;2020;MILLENNIUM BUG;186
Taurus [Mix Cut] - Original Mix;Thomas Newson, Futuristic Polar Bears;2014;The Sound Of Revealed 2014 (Mixed Version);197
Te Boté - Remix;Nio Garcia, Casper Magico, Bad Bunny, Darell, Ozuna, Nicky Jam;2018;Te Boté (Remix);418
Tell Em;Cochise, $NOT;2021;Tell Em;180
Tell Me Why;Alok, Harrison;2019;Tell Me Why;162
Ten Feet Tall;Afrojack, Wrabel;2014;Ibiza Calling;229
Tesla (feat. Sfera Ebbasta & DrefGold);Capo Plaza, Sfera Ebbasta, DrefGold;2018;20;185
The Buzz;New World Sound, Timmy Trumpet;2014;Ibiza Calling;267
The G.O.A.T.;Oliver Heldens, Mesto;2020;The G.O.A.T.;202
The Hunt - Radio Edit;Ran-D, E-Life;2014;Ran-D ft. E-Life - The Hunt (Official Intents Festival Anthem 2014);247
The King;Timmy Trumpet, Vitas;2020;The King;153
The King (with Dzeko);Dimitri Vangelis & Wyman, Dzeko;2019;The King (with Dzeko);209
The Monster;Eminem, Rihanna;2013;The Marshall Mathers LP2 (Deluxe);250
The Only Way Is Up;Martin Garrix, Tiësto;2015;Club Life, Vol. 4 - New York City;258
The Only Way Is Up - Radio Edit;Martin Garrix, Tiësto;2015;The Only Way Is Up;189
The Power of Now;Steve Aoki, Headhunterz;2015;Neon Future Odyssey;201
The Pretender;Foo Fighters;2007;Echoes, Silence, Patience & Grace;269
The Prophecy;Timmy Trumpet, Maddix;2018;The Prophecy;191
The Right Song;Tiësto, Oliver Heldens, Natalie La Rose;2016;The Right Song;205
THE SCOTTS;THE SCOTTS, Travis Scott, Kid Cudi;2020;THE SCOTTS;166
The Spark;Afrojack, Spree Wilson;2014;Forget The World (Deluxe);241
The Universe - Radio Edit;Marcus Schössow, Arston;2014;Ibiza Calling;162
The Wall;Alok, Sevenn;2019;The Wall;160
The Wave;VINAI, Harrison;2015;The Wave;143
These Are The Times (feat. JRM);Martin Garrix, JRM;2019;These Are The Times (feat. JRM);189
These Heights (feat. Caroline Pennell);Bassjackers, Lucas & Steve, Caroline Pennell;2017;These Heights (feat. Caroline Pennell);185
Thick (feat. MamboLosco) - Remix;Slings, MamboLosco;2022;Wave Deluxe;132
Think About It - Wilkinson Remix;Naughty Boy, Wiz Khalifa, Ella Eyre, Wilkinson;2014;Lazers Not Included (Extended Edition);280
This Feeling (feat. Kelsea Ballerini);The Chainsmokers, Kelsea Ballerini;2018;Sick Boy...This Feeling;199
This Groove;Oliver Heldens, Lenno;2019;This Groove;188
This Is Gospel;Panic! At The Disco;2013;Too Weird to Live, Too Rare to Die!;187
This Is What You Came For (feat. Rihanna);Calvin Harris, Rihanna;2016;This Is What You Came For (feat. Rihanna);222
Thoiry Remix (feat. Gemitaiz, Quentin40, Puritano) - Samba Trap Vol. 3 - Mitraglia Rec;Achille Lauro, Boss Doms, Gemitaiz, Quentin40, Puritano;2018;Pour l'amour;175
Thoiry Remix (Samba Trap Vol. 3 - Mitraglia Rec) (feat. Gemitaiz, Quentin40 & Puritano);Achille Lauro, Boss Doms, Gemitaiz, Quentin40, Puritano;2018;Thoiry Remix (Samba Trap Vol. 3 - Mitraglia Rec) (feat. Gemitaiz, Quentin40 & Puritano);175
Thrift Shop (feat. Wanz);Macklemore & Ryan Lewis, Wanz;2012;The Heist;236
Ti volevo dedicare (feat. J-AX & Boomdabash);Rocco Hunt, J-AX, Boomdabash;2019;Libertà;208
Tick Tock (feat. 24kGoldn);Clean Bandit, Mabel, 24kGoldn;2020;Tick Tock (feat. 24kGoldn);178
Tiger;R3HAB, Skytech, Fafaq;2015;Tiger;201
Tiger - Radio Edit;R3HAB, Skytech, Fafaq;2015;Tiger (Radio Edit);154
TiK ToK (feat. Liinii);Olympis, Helion, LIINII;2020;TiK ToK (feat. Liinii);146
Timber (feat. Ke$ha);Pitbull, Kesha;2013;Timber (feat. Ke$ha);204
Time Of My Life (feat. Father Viola);Mangoo, Faustix, Father Viola;2021;Time Of My Life (feat. Father Viola);192
Time of Our Lives;Pitbull, Ne-Yo;2014;Globalization;229
Titanium (feat. Sia);David Guetta, Sia;2012;Nothing but the Beat (Ultimate Edition);245
Tomorrow (feat. 433);Tiësto, 433;2020;Tomorrow (feat. 433);165
Too Original (feat. Elliphant & Jovi Rockwell);Major Lazer, Elliphant, Jovi Rockwell;2015;Peace Is the Mission (Extended Edition);207
Too Young;Pat Ross, Nekter Gun;2019;Too Young;220
Trapped in Fourths;T-Mass, Mona Moua;2016;Trapped in Fourths;283
Tremor;Dimitri Vegas & Like Mike, Martin Garrix;2014;Gold Skies;294
Tremor - Sensation 2014 Anthem;Dimitri Vegas & Like Mike, Martin Garrix;2014;Gold Skies;294
Triste (with Feid);Sfera Ebbasta, Feid;2021;Famoso;202
TROIA (feat. J Lord);Massimo Pericolo, Crookers, J Lord;2021;SOLO TUTTO;215
True Love (feat. Lily Allen);P!nk, Lily Allen;2012;The Truth About Love;231
Tsunami;DVBBS, Borgeous;2013;Tsunami;237
TU MI HAI CAPITO (feat. Sfera Ebbasta);Madame, Sfera Ebbasta;2021;MADAME;211
Tu Ta;Major7, Reality Test;2018;Tu Ta;370
Turbulence - Radio Edit;Steve Aoki, Laidback Luke;2012;Wonderland;228
Turn Down for What;DJ Snake, Lil Jon;2013;Turn Down for What;214
Turn It Up;Dimitri Vegas & Like Mike, GTA, Wolfpack;2013;Club Life, Vol. 3 - Stockholm (Spotify Exclusive);284
Turn It Up;Henry Fong, Mr. V;2016;Turn It Up;191
Turn It Up - Original Mix;Dimitri Vegas & Like Mike, Good Times Ahead, Wolfpack;2013;Turn It Up;347
Turn Me On (feat. Vula);Riton, Oliver Heldens, Vula;2019;Turn Me On (feat. Vula);208
Turn up the Speakers - Radio Edit;Afrojack, Martin Garrix;2014;Turn Up The Speakers;184
Tusa;KAROL G, Nicki Minaj;2019;Tusa;201
Tutankhamun - Original Mix;Borgeous, Dzeko & Torres;2014;Tutankhamun;203
Tuttecose (feat. Mara Sattei);Gazzelle, Mara Sattei;2021;Tuttecose (feat. Mara Sattei);198
U - W&W Remix;Gareth Emery, Bo Bruce, W&W;2014;Armada Ibiza 2014;280
UMORE (feat. ARIETE);PSICOLOGI, ARIETE;2022;TRAUMA;157
Un bacio all'improvviso;Rocco Hunt, Ana Mena;2021;Rivoluzione;168
uNa DiReZioNe giUsTa;yungest Moonstar, Neffa, thasup;2021;uNa DiReZioNe giUsTa;216
Una volta ancora (feat. Ana Mena);Fred De Palma, Ana Mena;2019;Una volta ancora (feat. Ana Mena);174
Unbroken;Quintino, Yves V, Gia Koka;2016;Unbroken;186
Under Control (feat. Hurts);Calvin Harris, Alesso, Hurts;2014;Under Control (feat. Hurts);184
Under Pressure - Remastered 2011;Queen, David Bowie;1982;Hot Space (2011 Remaster);248
Unforgettable;French Montana, Swae Lee;2017;Unforgettable;234
Unicorn Zombie Apocalypse - Original Mix;Borgore, Sikdope;2014;Unicorn Zombie Apocalypse;278
Unity;Dimitri Vegas & Like Mike, Hardwell;2018;Unity;234
Unstoppable - Vinai Remix;R3HAB, Eva Simons;2014;Unstoppable (Remixes/Pepsi Beats Of The Beautiful Game);227
Up & Down;Timmy Trumpet, Vengaboys;2020;Up & Down;119
Up Down (Do This All Day) (feat. B.o.B);T-Pain, B.o.B;2013;Up Down (Do This All Day) (feat. B.o.B);232
UPNDOWN;Merk & Kremont, Gianluca Motta;2015;UPNDOWN;187
Uptown Funk (feat. Bruno Mars);Mark Ronson, Bruno Mars;2015;Uptown Special;270
Us Against The World (Da Tweekaz Remix);Darren Styles, Da Tweekaz;2017;The Qontinent 2017;222
Used To Love (with Dean Lewis);Martin Garrix, Dean Lewis;2019;Used To Love (with Dean Lewis);237
Vámonos;Kris Kross Amsterdam, Ally Brooke, Messiah;2018;Vámonos;176
Veleno 7;Gemitaiz, MadMan;2019;Veleno 7;173
Veleno 8 (feat. Gemitaiz);MadMan, Gemitaiz;2021;MM Vol. 4;182
Vem är du?;JNT, Karsten Torebjer;2015;Vem är du?;148
Venere e Marte (feat. Marco Mengoni, Frah Quintale);Takagi & Ketra, Marco Mengoni, Frah Quintale;2021;Venere e Marte (feat. Marco Mengoni, Frah Quintale);222
Vertigini;Tedua, Chris Nolan;2018;Mowgli;203
VIDA LOCA;Black Eyed Peas, Nicky Jam, Tyga;2020;TRANSLATION;234
Virus (How About Now);Martin Garrix, MOTi;2014;Virus (How About Now);274
Voodoo;DVBBS, Jay Hardway;2015;Voodoo;219
WACHA;KHEA, Duki;2021;WACHA;206
Wait Another Day;Mike Williams, Mesto;2018;Wait Another Day;179
Waste It On Me (feat. BTS);Steve Aoki, BTS;2018;Neon Future III;193
Wasted;Tiësto, Matthew Koma;2014;A Town Called Paradise;190
Wasted Time;Steff da Campo, KARSTEN;2019;Wasted Time;144
Waves - Robin Schulz Radio Edit;Mr. Probz, Robin Schulz;2014;Waves (Robin Schulz Radio Edit);208
Waves (Tomorrowland 2014 Anthem);Dimitri Vegas, Dimitri Vegas & Like Mike, W&W;2014;Festival Favorites 2014 - Armada Music;206
Way 2 Sexy (with Future & Young Thug);Drake, Future, Young Thug;2021;Certified Lover Boy;258
Way Back Home (feat. Conor Maynard) - Sam Feldt Edit;SHAUN, Conor Maynard, Sam Feldt;2018;Way Back Home (feat. Conor Maynard) [Sam Feldt Edit];192
Way It Is;Mr. Belt & Wezol, RSCL;2021;Way It Is;193
We Are Life;Stadiumx, Sebastian Wibe, Mingue;2019;We Are Life;183
We Are One (Ole Ola) [The Official 2014 FIFA World Cup Song] (feat. Jennifer Lopez & Claudia Leitte);Pitbull, Jennifer Lopez, Claudia Leitte;2014;We Are One (Ole Ola) [The Official 2014 FIFA World Cup Song] (feat. Jennifer Lopez & Claudia Leitte);222
We Got That Cool (feat. Afrojack & Icona Pop);Yves V, Afrojack, Icona Pop;2019;We Got That Cool (feat. Afrojack & Icona Pop);213
We Own It (Fast & Furious);2 Chainz, Wiz Khalifa;2013;Fast & Furious 6;228
Weekends!!! (feat. Sirah);Skrillex, Sirah;2010;Scary Monsters and Nice Sprites (Deluxe Tour Edition);285
Weekends!!! (feat. Sirah) - Zedd Remix;Skrillex, Sirah, Zedd;2010;Scary Monsters and Nice Sprites (Deluxe Tour Edition);324
Welcome to the Party (with French Montana & Lil Pump, feat. Zhavia Ward) - from Deadpool 2;Diplo, French Montana, Lil Pump, Zhavia;2018;Welcome to the Party (with French Montana & Lil Pump, feat. Zhavia Ward) [from Deadpool 2];182
What We Started;Don Diablo, Steve Aoki, Lush & Simon, BullySongs;2016;What We Started;203
when the party's over;Billie Eilish;2019;WHEN WE ALL FALL ASLEEP, WHERE DO WE GO?;196
Whenever (feat. Conor Maynard);Kris Kross Amsterdam, The Boy Next Door, Conor Maynard;2018;Whenever (feat. Conor Maynard);164
Where Are Ü Now (with Justin Bieber);Jack Ü, Skrillex, Diplo, Justin Bieber;2015;Skrillex and Diplo present Jack Ü;250
Who's Got Your Love;Cheat Codes, Daniel Blume;2019;Who's Got Your Love;157
Wiggle (feat. Snoop Dogg);Jason Derulo, Snoop Dogg;2013;Tattoos (Deluxe Edition);193
Wild Wild Love (feat. G.R.L.);Pitbull, G.R.L.;2014;Wild Wild Love (feat. G.R.L.);202
Wildcard (feat. Sidnie Tipton);KSHMR, Sidnie Tipton;2016;Wildcard;189
With U (feat. Karen Harding);Tujamo, Karen Harding;2018;With U (feat. Karen Harding);185
With You, Friends (Long Drive);Skrillex;2010;Scary Monsters and Nice Sprites (Deluxe Tour Edition);389
Wizard;Martin Garrix, Jay Hardway;2014;Gold Skies;282
Wolves;Selena Gomez, Marshmello;2017;Wolves;198
Woman Like Me (feat. Nicki Minaj);Little Mix, Nicki Minaj;2018;Woman Like Me (feat. Nicki Minaj);228
Wombass;Tiësto, Oliver Heldens;2015;Wombass;240
Won't Stop Rocking;R3HAB, Headhunterz;2015;Won't Stop Rocking;188
Work;MOTi, BODYWORX;2019;Work;155
Work from Home;Fifth Harmony, Ty Dolla $ign;2016;Work from Home;217
Work from Home (feat. Ty Dolla $ign);Fifth Harmony, Ty Dolla $ign;2016;7/27 (Deluxe);214
World On Fire;Mike Hawkins, 7 Skies;2015;World On Fire;177
X - Original Mix;Dyro, Bassjackers;2015;X;222
X Marks The Spot (Official Exodus 2020 Anthem);Furyan, Nosferatu, Alee;2020;X Marks The Spot (Official Exodus 2020 Anthem);171
X6 (feat. BIA);Sfera Ebbasta, Rvssian, BIA;2022;Italiano;174
Yeah! (feat. Lil Jon & Ludacris);Usher, Lil Jon, Ludacris;2004;Confessions (Expanded Edition);250
Yo No Sé;Rvfv, Pablo Mas;2020;Yo No Sé;169
YOSHI (feat. Fabri Fibra) - prod. Strage;MACHETE, Dani Faiv, thasup, Fabri Fibra;2019;MACHETE MIXTAPE 4;212
YOSHI (feat. thasup, Fabri Fibra & Capo Plaza) - prod. Strage [Remix];MACHETE, Dani Faiv, J Balvin, thasup, Fabri Fibra, Capo Plaza;2019;YOSHI (feat. thasup, Fabri Fibra & Capo Plaza) [prod. Strage [Remix]];294
You Already Know (feat. Sebastian Wexler) - Radio Mix;Dirtcaps, Whizkid, Sebastian Wexler;2015;You Already Know;182
You Don't Know Me;Jax Jones, RAYE;2016;You Don't Know Me;212
You Gotta Know;Dyro, Radboud;2014;Ibiza Calling;284
You Make Me - Avicii By Avicii;Avicii, Tim Bergling;2014;True: Avicii By Avicii;182
You Make Me Feel (feat. Sabi);Cobra Starship, Sabi;2012;American Reunion (Original Motion Picture Soundtrack);216
You Make Me Feel... (feat. Sabi);Cobra Starship, Sabi;2011;Night Shades;216
Young Again - Radio Edit;Hardwell, Chris Jones;2014;Young Again;220
Young Again (feat. Chris Jones);Hardwell, Chris Jones;2015;United We Are;220
Young, Wild & Free (feat. Bruno Mars);Snoop Dogg, Wiz Khalifa, Bruno Mars;2011;Young, Wild & Free (feat. Bruno Mars);207
Your Love;David Guetta, Showtek;2018;Your Love;186
Your Love (9PM);ATB, Topic, A7S;2021;Your Love (9PM);150
ZEZE (feat. Travis Scott & Offset);Kodak Black, Offset, Travis Scott;2018;ZEZE (feat. Travis Scott & Offset);229
