<?xml version="1.0" encoding="UTF-8"?>
<project xmlns="http://maven.apache.org/POM/4.0.0" xmlns:xsi="http://www.w3.org/2001/XMLSchema-instance" xsi:schemaLocation="http://maven.apache.org/POM/4.0.0 http://maven.apache.org/maven-v4_0_0.xsd">
  <modelVersion>4.0.0</modelVersion>
  <groupId>com.example</groupId>
  <artifactId>EmotionalSongs</artifactId>
  <name>EmotionalSongs</name>
  <version>1.0-SNAPSHOT</version>
  <build>
    <plugins>
      <plugin>
        <artifactId>maven-compiler-plugin</artifactId>
        <version>3.10.1</version>
        <configuration>
          <source>17</source>
          <target>17</target>
        </configuration>
      </plugin>
      <plugin>
        <groupId>org.openjfx</groupId>
        <artifactId>javafx-maven-plugin</artifactId>
        <version>0.0.8</version>
        <executions>
          <execution>
            <id>default-cli</id>
            <configuration>
              <mainClass>com.example.emotionalsongs.EmotionalSongsDbInit</mainClass>
              <launcher>app</launcher>
              <jlinkZipName>app</jlinkZipName>
              <jlinkImageName>app</jlinkImageName>
              <noManPages>true</noManPages>
              <stripDebug>true</stripDebug>
              <noHeaderFiles>true</noHeaderFiles>
            </configuration>
          </execution>
        </executions>
      </plugin>
      <plugin>
        <artifactId>maven-shade-plugin</artifactId>
        <executions>
          <execution>
            <goals>
              <goal>shade</goal>
            </goals>
            <configuration>
              <shadedArtifactAttached>true</shadedArtifactAttached>
              <transformers>
                <transformer>
                  <mainClass>com.example.emotionalsongs.EmotionalSongsDbInit</mainClass>
                </transformer>
              </transformers>
            </configuration>
          </execution>
        </executions>
      </plugin>
      <plugin>
        <artifactId>maven-assembly-plugin</artifactId>
        <executions>
          <execution>
            <phase>package</phase>
            <goals>
              <goal>single</goal>
            </goals>
            <configuration>
              <archive>
                <manifest>
                  <mainClass>com.example.emotionalsongs.EmotionalSongsDbInit</mainClass>
                </manifest>
              </archive>
              <descriptorRefs>
                <descriptorRef>jar-with-dependencies</descriptorRef>
              </descriptorRefs>
            </configuration>
          </execution>
        </executions>
      </plugin>
    </plugins>
  </build>
  <properties>
    <maven.compiler.target>17</maven.compiler.target>
    <maven.compiler.source>17</maven.compiler.source>
    <project.build.sourceEncoding>UTF-8</project.build.sourceEncoding>
    <junit.version>5.9.1</junit.version>
  </properties>
</project>
